{
    "POPULATION": 3115,
    "SUSCEPTIBLE": 0.9898829238234614,
    "EXPOSED": 0.0011724137,
    "INFECTED": 0.007477085419394593,
    "RECOVERED": 0.002423040386145986,
    "DEAD": 0.0002169503709979717,
    "SCALE": 1000,
    "VACCINE_AVAILABLE": 1000,
    "DISTRICT_POPULATION": {
        "DISTRICT 1": {
            "population": 404571
        },
        "DISTRICT 2": {
            "population": 743136
        },
        "DISTRICT 3": {
            "population": 341765
        },
        "DISTRICT 4": {
            "population": 463522
        },
        "DISTRICT 5": {
            "population": 585469
        },
        "DISTRICT 6": {
            "population": 577457
        }
    },
    "DISTRICT_DATA": {
        "DISTRICT 1": {
            "susceptible": 0.9929901055686147,
            "infected": 0.005813565480471908,
            "recovered": 0.0010974587896809213,
            "dead": 9.887016123251542e-05
        },
        "DISTRICT 2": {
            "susceptible": 0.9964367222150454,
            "infected": 0.002689951771950222,
            "recovered": 0.0008356478491151014,
            "dead": 3.767816388924773e-05
        },
        "DISTRICT 3": {
            "susceptible": 0.9913420040086024,
            "infected": 0.005986569718958934,
            "recovered": 0.0025924246192559216,
            "dead": 7.900165318274252e-05
        },
        "DISTRICT 4": {
            "susceptible": 0.9940024421710296,
            "infected": 0.004836879371421421,
            "recovered": 0.0010981140053762282,
            "dead": 6.25644521727124e-05
        },
        "DISTRICT 5": {
            "susceptible": 0.9952516700286437,
            "infected": 0.003829408559633388,
            "recovered": 0.0008693884731727897,
            "dead": 4.953293855011965e-05
        },
        "DISTRICT 6": {
            "susceptible": 0.9949554685457099,
            "infected": 0.003466924809985852,
            "recovered": 0.0015273864547490116,
            "dead": 5.022018955523961e-05
        }
    },
    "MORTALITY_RATE": {
        "age_00-09": {
            "min": 0,
            "max": 9,
            "rate": 0.004672897196261682
        },
        "age_10-19": {
            "min": 10,
            "max": 19,
            "rate": 0.0
        },
        "age_20-29": {
            "min": 20,
            "max": 29,
            "rate": 0.0006009615384615385
        },
        "age_30-39": {
            "min": 30,
            "max": 39,
            "rate": 0.004036326942482341
        },
        "age_40-49": {
            "min": 40,
            "max": 49,
            "rate": 0.009688934217236104
        },
        "age_50-59": {
            "min": 50,
            "max": 59,
            "rate": 0.017263427109974423
        },
        "age_60-69": {
            "min": 60,
            "max": 69,
            "rate": 0.03470919324577861
        },
        "age_70-79": {
            "min": 70,
            "max": 79,
            "rate": 0.08120649651972157
        },
        "age_80-up": {
            "min": 80,
            "max": 100,
            "rate": 0.09389671361502347
        }
    },
    "VACCINE_PRIORITIZATION": {
        "frontliners_ratio": {
            "activated": 1,
            "value": 0.001206896551724138
        },
        "public_admin": {
            "activated": 1,
            "value": 0.06
        },
        "persons_with_difficulty": {
            "activated": 1,
            "value": 0.03730271023
        },
        "gainful_workers": {
            "activated": 1,
            "value": 0.47507927437
        },
        "mobile_workforce": {
            "activated": 1,
            "value": 0.484
        },
        "elderly": {
            "activated": 1,
            "value": 0.06693868492
        }
    },
    "VACCINE_DISTRIBUTION": {
        "age_00-09": {
            "min": 0,
            "max": 9,
            "assign": 10.36255875036554
        },
        "age_10-19": {
            "min": 10,
            "max": 19,
            "assign": 73.12447118182477
        },
        "age_20-29": {
            "min": 20,
            "max": 29,
            "assign": 121.22238538163464
        },
        "age_30-39": {
            "min": 20,
            "max": 29,
            "assign": 136.47294354254998
        },
        "age_40-49": {
            "min": 30,
            "max": 39,
            "assign": 106.75390712640728
        },
        "age_50-59": {
            "min": 40,
            "max": 49,
            "assign": 60.22015273797334
        },
        "age_60-69": {
            "min": 50,
            "max": 59,
            "assign": 26.199676840546843
        },
        "age_70-79": {
            "min": 60,
            "max": 69,
            "assign": 9.189438891833595
        },
        "age_80-up": {
            "min": 70,
            "max": 79,
            "assign": 0.39103995284398274
        }
    },
    "VACCINE_DISTRIBUTION_LOCATION": {
        "LOCATIONS": [
            {
                "LOCATION": 1,
                "ALLOCATION": {
                    "0-9": 1.7270931250609236,
                    "10-19": 12.187411863637461,
                    "20-29": 20.203730896939106,
                    "30-39": 22.745490590424996,
                    "40-49": 17.792317854401215,
                    "50-59": 10.036692122995559,
                    "60-69": 4.366612806757807,
                    "70-79": 1.5315731486389328,
                    "80+": 0.06517332547399712
                }
            },
            {
                "LOCATION": 2,
                "ALLOCATION": {
                    "0-9": 1.7270931250609234,
                    "10-19": 12.187411863637461,
                    "20-29": 20.203730896939106,
                    "30-39": 22.745490590424996,
                    "40-49": 17.792317854401215,
                    "50-59": 10.036692122995557,
                    "60-69": 4.366612806757807,
                    "70-79": 1.5315731486389323,
                    "80+": 0.06517332547399711
                }
            },
            {
                "LOCATION": 3,
                "ALLOCATION": {
                    "0-9": 1.7270931250609236,
                    "10-19": 12.187411863637463,
                    "20-29": 20.20373089693911,
                    "30-39": 22.745490590425,
                    "40-49": 17.79231785440121,
                    "50-59": 10.036692122995557,
                    "60-69": 4.366612806757807,
                    "70-79": 1.5315731486389323,
                    "80+": 0.06517332547399712
                }
            },
            {
                "LOCATION": 4,
                "ALLOCATION": {
                    "0-9": 1.7270931250609234,
                    "10-19": 12.187411863637461,
                    "20-29": 20.20373089693911,
                    "30-39": 22.745490590424996,
                    "40-49": 17.792317854401215,
                    "50-59": 10.036692122995557,
                    "60-69": 4.366612806757807,
                    "70-79": 1.5315731486389323,
                    "80+": 0.06517332547399712
                }
            },
            {
                "LOCATION": 5,
                "ALLOCATION": {
                    "0-9": 1.7270931250609236,
                    "10-19": 12.187411863637463,
                    "20-29": 20.203730896939106,
                    "30-39": 22.745490590425,
                    "40-49": 17.792317854401215,
                    "50-59": 10.036692122995557,
                    "60-69": 4.366612806757807,
                    "70-79": 1.5315731486389323,
                    "80+": 0.06517332547399712
                }
            },
            {
                "LOCATION": 6,
                "ALLOCATION": {
                    "0-9": 1.7270931250609234,
                    "10-19": 12.187411863637461,
                    "20-29": 20.203730896939106,
                    "30-39": 22.745490590424996,