{
    "POPULATION": 1000,
    "SUSCEPTIBLE": 0.9898829238234614,
    "EXPOSED": 0.0011724137,
    "INFECTED": 0.007477085419394593,
    "RECOVERED": 0.002423040386145986,
    "DEAD": 0.0002169503709979717,
    "SCALE": 1000,
    "VACCINE_AVAILABLE":1000,
    "LOCATION_DATA": [
        {
            "LOCATION_NAME": "Location 1",
            "POPULATION": 1,
            "DATA": {
                "susceptible": 0.9929901055686147,
                "infected": 0.005813565480471908,
                "recovered": 0.0010974587896809213,
                "dead": 9.887016123251542e-05
            },
            "VACCINE_ALLOCATION": {
                "age_00-09": {
                    "min": 0,
                    "max": 9,
                    "value": 2.228499979966047
                },
                "age_10-19": {
                    "min": 10,
                    "max": 19,
                    "value": 11.76647989422073
                },
                "age_20-29": {
                    "min": 20,
                    "max": 29,
                    "value": 22.73069979565368
                },
                "age_30-39": {
                    "min": 30,
                    "max": 39,
                    "value": 24.15693978283195
                },
                "age_40-49": {
                    "min": 40,
                    "max": 49,
                    "value": 17.738859840529738
                },
                "age_50-59": {
                    "min": 50,
                    "max": 59,
                    "value": 10.34023990704246
                },
                "age_60-69": {
                    "min": 60,
                    "max": 69,
                    "value": 3.387319969548392
                },
                "age_70-79": {
                    "min": 70,
                    "max": 79,
                    "value": 1.0696799903837027
                },
                "age_80-up": {
                    "min": 80,
                    "max": 100,
                    "value": 0.08913999919864189
                }
            },
            "SUSCEPTIBLE_AGENTS": {
                "age_00-09": {
                    "min": 0,
                    "max": 9,
                    "value": 25
                },
                "age_10-19": {
                    "min": 10,
                    "max": 19,
                    "value": 122
                },
                "age_20-29": {
                    "min": 20,
                    "max": 29,
                    "value": 246
                },
                "age_30-39": {
                    "min": 30,
                    "max": 39,
                    "value": 267
                },
                "age_40-49": {
                    "min": 40,
                    "max": 49,
                    "value": 225
                },
                "age_50-59": {
                    "min": 50,
                    "max": 59,
                    "value": 109
                },
                "age_60-69": {
                    "min": 60,
                    "max": 69,
                    "value": 46
                },
                "age_70-79": {
                    "min": 70,
                    "max": 79,
                    "value": 17
                },
                "age_80-up": {
                    "min": 80,
                    "max": 100,
                    "value": 2
                }
            }
        },
        {
            "LOCATION_NAME": "Location 2",
            "POPULATION": 1,
            "DATA": {
                "susceptible": 0.9929901055686147,
                "infected": 0.005813565480471908,
                "recovered": 0.0010974587896809213,
                "dead": 9.887016123251542e-05
            },
            "VACCINE_ALLOCATION": {
                "age_00-09": {
                    "min": 0,
                    "max": 9,
                    "value": 2.228499979966047
                },
                "age_10-19": {
                    "min": 10,
                    "max": 19,
                    "value": 11.76647989422073
                },
                "age_20-29": {
                    "min": 20,
                    "max": 29,
                    "value": 22.73069979565368
                },
                "age_30-39": {
                    "min": 30,
                    "max": 39,
                    "value": 24.15693978283195
                },
                "age_40-49": {
                    "min": 40,
                    "max": 49,
                    "value": 17.738859840529738
                },
                "age_50-59": {
                    "min": 50,
                    "max": 59,
                    "value": 10.34023990704246
                },
                "age_60-69": {
                    "min": 60,
                    "max": 69,
                    "value": 3.387319969548392
                },
                "age_70-79": {
                    "min": 70,
                    "max": 79,
                    "value": 1.0696799903837027
                },
                "age_80-up": {
                    "min": 80,
                    "max": 100,
                    "value": 0.08913999919864189
                }
            },
            "SUSCEPTIBLE_AGENTS": {
                "age_00-09": {
                    "min": 0,
                    "max": 9,
                    "value": 25
                },
                "age_10-19": {
                    "min": 10,
                    "max": 19,
                    "value": 122
                },
                "age_20-29": {
                    "min": 20,
                    "max": 29,
                    "value": 246
                },
                "age_30-39": {
                    "min": 30,
                    "max": 39,
                    "value": 267
                },
                "age_40-49": {
                    "min": 40,
                    "max": 49,
                    "value": 225
                },
                "age_50-59": {
                    "min": 50,
                    "max": 59,
                    "value": 109
                },
                "age_60-69": {
                    "min": 60,
                    "max": 69,
                    "value": 46
                },
                "age_70-79": {
                    "min": 70,
                    "max": 79,
                    "value": 17
                },
                "age_80-up": {
                    "min": 80,
                    "max": 100,
                    "value": 2
                }
            }
        },
        {
            "LOCATION_NAME": "Location 3",
            "POPULATION": 1,
            "DATA": {
                "susceptible": 0.9929901055686147,
                "infected": 0.005813565480471908,
                "recovered": 0.0010974587896809213,
                "dead": 9.887016123251542e-05
            },
            "VACCINE_ALLOCATION": {
                "age_00-09": {
                    "min": 0,
                    "max": 9,
                    "value": 2.228499979966047
                },
                "age_10-19": {
                    "min": 10,
                    "max": 19,
                    "value": 11.76647989422073
                },
                "age_20-29": {
                    "min": 20,
                    "max": 29,
                    "value": 22.73069979565368
                },
                "age_30-39": {
                    "min": 30,
                    "max": 39,
                    "value": 24.15693978283195
                },
                "age_40-49": {
                    "min": 40,
                    "max": 49,
                    "value": 17.738859840529738
                },
                "age_50-59": {
                    "min": 50,
                    "max": 59,
                    "value": 10.34023990704246
                },
                "age_60-69": {
                    "min": 60,
                    "max": 69,